USE [master]
GO
/****** Object:  Database [BackOffice]    Script Date: 08/10/2018 10:53:37 ******/
CREATE DATABASE [BackOffice]
 CONTAINMENT = NONE
 ON  PRIMARY 
( NAME = N'BackOffice', FILENAME = N'C:\Program Files\Microsoft SQL Server\MSSQL14.SQLEXPRESS\MSSQL\DATA\BackOffice.mdf' , SIZE = 8192KB , MAXSIZE = UNLIMITED, FILEGROWTH = 65536KB )
 LOG ON 
( NAME = N'BackOffice_log', FILENAME = N'C:\Program Files\Microsoft SQL Server\MSSQL14.SQLEXPRESS\MSSQL\DATA\BackOffice_log.ldf' , SIZE = 8192KB , MAXSIZE = 2048GB , FILEGROWTH = 65536KB )
GO
ALTER DATABASE [BackOffice] SET COMPATIBILITY_LEVEL = 140
GO
IF (1 = FULLTEXTSERVICEPROPERTY('IsFullTextInstalled'))
begin
EXEC [BackOffice].[dbo].[sp_fulltext_database] @action = 'enable'
end
GO
ALTER DATABASE [BackOffice] SET ANSI_NULL_DEFAULT OFF 
GO
ALTER DATABASE [BackOffice] SET ANSI_NULLS OFF 
GO
ALTER DATABASE [BackOffice] SET ANSI_PADDING OFF 
GO
ALTER DATABASE [BackOffice] SET ANSI_WARNINGS OFF 
GO
ALTER DATABASE [BackOffice] SET ARITHABORT OFF 
GO
ALTER DATABASE [BackOffice] SET AUTO_CLOSE ON 
GO
ALTER DATABASE [BackOffice] SET AUTO_SHRINK OFF 
GO
ALTER DATABASE [BackOffice] SET AUTO_UPDATE_STATISTICS ON 
GO
ALTER DATABASE [BackOffice] SET CURSOR_CLOSE_ON_COMMIT OFF 
GO
ALTER DATABASE [BackOffice] SET CURSOR_DEFAULT  GLOBAL 
GO
ALTER DATABASE [BackOffice] SET CONCAT_NULL_YIELDS_NULL OFF 
GO
ALTER DATABASE [BackOffice] SET NUMERIC_ROUNDABORT OFF 
GO
ALTER DATABASE [BackOffice] SET QUOTED_IDENTIFIER OFF 
GO
ALTER DATABASE [BackOffice] SET RECURSIVE_TRIGGERS OFF 
GO
ALTER DATABASE [BackOffice] SET  ENABLE_BROKER 
GO
ALTER DATABASE [BackOffice] SET AUTO_UPDATE_STATISTICS_ASYNC OFF 
GO
ALTER DATABASE [BackOffice] SET DATE_CORRELATION_OPTIMIZATION OFF 
GO
ALTER DATABASE [BackOffice] SET TRUSTWORTHY OFF 
GO
ALTER DATABASE [BackOffice] SET ALLOW_SNAPSHOT_ISOLATION OFF 
GO
ALTER DATABASE [BackOffice] SET PARAMETERIZATION SIMPLE 
GO
ALTER DATABASE [BackOffice] SET READ_COMMITTED_SNAPSHOT OFF 
GO
ALTER DATABASE [BackOffice] SET HONOR_BROKER_PRIORITY OFF 
GO
ALTER DATABASE [BackOffice] SET RECOVERY SIMPLE 
GO
ALTER DATABASE [BackOffice] SET  MULTI_USER 
GO
ALTER DATABASE [BackOffice] SET PAGE_VERIFY CHECKSUM  
GO
ALTER DATABASE [BackOffice] SET DB_CHAINING OFF 
GO
ALTER DATABASE [BackOffice] SET FILESTREAM( NON_TRANSACTED_ACCESS = OFF ) 
GO
ALTER DATABASE [BackOffice] SET TARGET_RECOVERY_TIME = 60 SECONDS 
GO
ALTER DATABASE [BackOffice] SET DELAYED_DURABILITY = DISABLED 
GO
ALTER DATABASE [BackOffice] SET QUERY_STORE = OFF
GO
USE [BackOffice]
GO
ALTER DATABASE SCOPED CONFIGURATION SET IDENTITY_CACHE = ON;
GO
ALTER DATABASE SCOPED CONFIGURATION SET LEGACY_CARDINALITY_ESTIMATION = OFF;
GO
ALTER DATABASE SCOPED CONFIGURATION FOR SECONDARY SET LEGACY_CARDINALITY_ESTIMATION = PRIMARY;
GO
ALTER DATABASE SCOPED CONFIGURATION SET MAXDOP = 0;
GO
ALTER DATABASE SCOPED CONFIGURATION FOR SECONDARY SET MAXDOP = PRIMARY;
GO
ALTER DATABASE SCOPED CONFIGURATION SET PARAMETER_SNIFFING = ON;
GO
ALTER DATABASE SCOPED CONFIGURATION FOR SECONDARY SET PARAMETER_SNIFFING = PRIMARY;
GO
ALTER DATABASE SCOPED CONFIGURATION SET QUERY_OPTIMIZER_HOTFIXES = OFF;
GO
ALTER DATABASE SCOPED CONFIGURATION FOR SECONDARY SET QUERY_OPTIMIZER_HOTFIXES = PRIMARY;
GO
USE [BackOffice]
GO
/****** Object:  Table [dbo].[Cashregister]    Script Date: 08/10/2018 10:53:37 ******/
SET ANSI_NULLS ON
GO
SET QUOTED_IDENTIFIER ON
GO
CREATE TABLE [dbo].[Cashregister](
	[idCashregister] [int] IDENTITY(1,1) NOT NULL,
	[idSubsidiary] [int] NOT NULL,
	[bStatues] [bit] NULL,
PRIMARY KEY CLUSTERED 
(
	[idCashregister] ASC
)WITH (PAD_INDEX = OFF, STATISTICS_NORECOMPUTE = OFF, IGNORE_DUP_KEY = OFF, ALLOW_ROW_LOCKS = ON, ALLOW_PAGE_LOCKS = ON) ON [PRIMARY]
) ON [PRIMARY]
GO
/****** Object:  Table [dbo].[Cashsales]    Script Date: 08/10/2018 10:53:37 ******/
SET ANSI_NULLS ON
GO
SET QUOTED_IDENTIFIER ON
GO
CREATE TABLE [dbo].[Cashsales](
	[idCashsales] [int] IDENTITY(1,1) NOT NULL,
	[idEmployee] [int] NOT NULL,
	[idCashregister] [int] NOT NULL,
PRIMARY KEY CLUSTERED 
(
	[idCashsales] ASC
)WITH (PAD_INDEX = OFF, STATISTICS_NORECOMPUTE = OFF, IGNORE_DUP_KEY = OFF, ALLOW_ROW_LOCKS = ON, ALLOW_PAGE_LOCKS = ON) ON [PRIMARY]
) ON [PRIMARY]
GO
/****** Object:  Table [dbo].[Department]    Script Date: 08/10/2018 10:53:37 ******/
SET ANSI_NULLS ON
GO
SET QUOTED_IDENTIFIER ON
GO
CREATE TABLE [dbo].[Department](
	[idDepartment] [int] IDENTITY(1,1) NOT NULL,
	[sDepartment] [varchar](100) NOT NULL,
	[sDescription] [varchar](100) NOT NULL,
PRIMARY KEY CLUSTERED 
(
	[idDepartment] ASC
)WITH (PAD_INDEX = OFF, STATISTICS_NORECOMPUTE = OFF, IGNORE_DUP_KEY = OFF, ALLOW_ROW_LOCKS = ON, ALLOW_PAGE_LOCKS = ON) ON [PRIMARY]
) ON [PRIMARY]
GO
/****** Object:  Table [dbo].[Employees]    Script Date: 08/10/2018 10:53:37 ******/
SET ANSI_NULLS ON
GO
SET QUOTED_IDENTIFIER ON
GO
CREATE TABLE [dbo].[Employees](
	[idEmployee] [int] IDENTITY(1,1) NOT NULL,
	[sEmployee] [varchar](100) NOT NULL,
	[sLastname] [varchar](100) NOT NULL,
	[sGender] [varchar](10) NOT NULL,
	[dtBirthdate] [datetime] NOT NULL,
	[sAddress] [varchar](100) NOT NULL,
	[nPostalcode] [numeric](5, 0) NOT NULL,
	[sRFC] [varchar](13) NULL,
	[sPhone] [varchar](20) NOT NULL,
PRIMARY KEY CLUSTERED 
(
	[idEmployee] ASC
)WITH (PAD_INDEX = OFF, STATISTICS_NORECOMPUTE = OFF, IGNORE_DUP_KEY = OFF, ALLOW_ROW_LOCKS = ON, ALLOW_PAGE_LOCKS = ON) ON [PRIMARY]
) ON [PRIMARY]
GO
/****** Object:  Table [dbo].[Factorytype]    Script Date: 08/10/2018 10:53:38 ******/
SET ANSI_NULLS ON
GO
SET QUOTED_IDENTIFIER ON
GO
CREATE TABLE [dbo].[Factorytype](
	[idFactorytype] [int] IDENTITY(1,1) NOT NULL,
	[sFactoryname] [varchar](100) NOT NULL,
PRIMARY KEY CLUSTERED 
(
	[idFactorytype] ASC
)WITH (PAD_INDEX = OFF, STATISTICS_NORECOMPUTE = OFF, IGNORE_DUP_KEY = OFF, ALLOW_ROW_LOCKS = ON, ALLOW_PAGE_LOCKS = ON) ON [PRIMARY]
) ON [PRIMARY]
GO
/****** Object:  Table [dbo].[Line]    Script Date: 08/10/2018 10:53:38 ******/
SET ANSI_NULLS ON
GO
SET QUOTED_IDENTIFIER ON
GO
CREATE TABLE [dbo].[Line](
	[idLine] [int] IDENTITY(1,1) NOT NULL,
	[sLine] [varchar](100) NOT NULL,
	[sDescription] [varchar](100) NOT NULL,
PRIMARY KEY CLUSTERED 
(
	[idLine] ASC
)WITH (PAD_INDEX = OFF, STATISTICS_NORECOMPUTE = OFF, IGNORE_DUP_KEY = OFF, ALLOW_ROW_LOCKS = ON, ALLOW_PAGE_LOCKS = ON) ON [PRIMARY]
) ON [PRIMARY]
GO
/****** Object:  Table [dbo].[Methodofpayment]    Script Date: 08/10/2018 10:53:38 ******/
SET ANSI_NULLS ON
GO
SET QUOTED_IDENTIFIER ON
GO
CREATE TABLE [dbo].[Methodofpayment](
	[idMethodofpayment] [int] IDENTITY(1,1) NOT NULL,
	[sMethodofpaymentname] [varchar](100) NULL,
PRIMARY KEY CLUSTERED 
(
	[idMethodofpayment] ASC
)WITH (PAD_INDEX = OFF, STATISTICS_NORECOMPUTE = OFF, IGNORE_DUP_KEY = OFF, ALLOW_ROW_LOCKS = ON, ALLOW_PAGE_LOCKS = ON) ON [PRIMARY]
) ON [PRIMARY]
GO
/****** Object:  Table [dbo].[Product]    Script Date: 08/10/2018 10:53:38 ******/
SET ANSI_NULLS ON
GO
SET QUOTED_IDENTIFIER ON
GO
CREATE TABLE [dbo].[Product](
	[idProduct] [int] IDENTITY(1,1) NOT NULL,
	[Eliminado] [bit] NOT NULL,
	[sProduct] [varchar](100) NOT NULL,
	[nUPC] [numeric](13, 0) NOT NULL,
	[dCost] [decimal](9, 2) NOT NULL,
	[nUPCSubsidiary] [numeric](13, 0) NULL,
	[imageprod] [varbinary](8000) NULL,
	[idStore] [int] NOT NULL,
	[idDepartment] [int] NOT NULL,
	[idSubDepartment] [int] NOT NULL,
	[idLine] [int] NOT NULL,
	[idSubLine] [int] NOT NULL,
PRIMARY KEY CLUSTERED 
(
	[idProduct] ASC
)WITH (PAD_INDEX = OFF, STATISTICS_NORECOMPUTE = OFF, IGNORE_DUP_KEY = OFF, ALLOW_ROW_LOCKS = ON, ALLOW_PAGE_LOCKS = ON) ON [PRIMARY]
) ON [PRIMARY]
GO
/****** Object:  Table [dbo].[Profile_Role]    Script Date: 08/10/2018 10:53:38 ******/
SET ANSI_NULLS ON
GO
SET QUOTED_IDENTIFIER ON
GO
CREATE TABLE [dbo].[Profile_Role](
	[idProfile_Role] [int] IDENTITY(1,1) NOT NULL,
	[idRole] [int] NOT NULL,
	[idProfile] [int] NOT NULL,
PRIMARY KEY CLUSTERED 
(
	[idProfile_Role] ASC
)WITH (PAD_INDEX = OFF, STATISTICS_NORECOMPUTE = OFF, IGNORE_DUP_KEY = OFF, ALLOW_ROW_LOCKS = ON, ALLOW_PAGE_LOCKS = ON) ON [PRIMARY]
) ON [PRIMARY]
GO
/****** Object:  Table [dbo].[Profiles]    Script Date: 08/10/2018 10:53:38 ******/
SET ANSI_NULLS ON
GO
SET QUOTED_IDENTIFIER ON
GO
CREATE TABLE [dbo].[Profiles](
	[idProfile] [int] IDENTITY(1,1) NOT NULL,
	[sProfile] [varchar](100) NOT NULL,
PRIMARY KEY CLUSTERED 
(
	[idProfile] ASC
)WITH (PAD_INDEX = OFF, STATISTICS_NORECOMPUTE = OFF, IGNORE_DUP_KEY = OFF, ALLOW_ROW_LOCKS = ON, ALLOW_PAGE_LOCKS = ON) ON [PRIMARY]
) ON [PRIMARY]
GO
/****** Object:  Table [dbo].[Roles]    Script Date: 08/10/2018 10:53:38 ******/
SET ANSI_NULLS ON
GO
SET QUOTED_IDENTIFIER ON
GO
CREATE TABLE [dbo].[Roles](
	[idRole] [int] IDENTITY(1,1) NOT NULL,
	[sRole] [varchar](100) NOT NULL,
PRIMARY KEY CLUSTERED 
(
	[idRole] ASC
)WITH (PAD_INDEX = OFF, STATISTICS_NORECOMPUTE = OFF, IGNORE_DUP_KEY = OFF, ALLOW_ROW_LOCKS = ON, ALLOW_PAGE_LOCKS = ON) ON [PRIMARY]
) ON [PRIMARY]
GO
/****** Object:  Table [dbo].[SalePriceSubsidiary]    Script Date: 08/10/2018 10:53:38 ******/
SET ANSI_NULLS ON
GO
SET QUOTED_IDENTIFIER ON
GO
CREATE TABLE [dbo].[SalePriceSubsidiary](
	[idSalePriceSubsidiary] [int] IDENTITY(1,1) NOT NULL,
	[nCost] [numeric](9, 2) NOT NULL,
	[nHardprice] [numeric](9, 2) NOT NULL,
	[idSubsidiary] [int] NOT NULL,
	[idProduct] [int] NOT NULL,
	[idSuitTax] [int] NOT NULL,
PRIMARY KEY CLUSTERED 
(
	[idSalePriceSubsidiary] ASC
)WITH (PAD_INDEX = OFF, STATISTICS_NORECOMPUTE = OFF, IGNORE_DUP_KEY = OFF, ALLOW_ROW_LOCKS = ON, ALLOW_PAGE_LOCKS = ON) ON [PRIMARY]
) ON [PRIMARY]
GO
/****** Object:  Table [dbo].[Store]    Script Date: 08/10/2018 10:53:38 ******/
SET ANSI_NULLS ON
GO
SET QUOTED_IDENTIFIER ON
GO
CREATE TABLE [dbo].[Store](
	[idStore] [int] IDENTITY(1,1) NOT NULL,
	[sStore] [varchar](100) NOT NULL,
	[sRFC] [varchar](13) NOT NULL,
	[sAddress] [varchar](100) NOT NULL,
	[nPostalCode] [numeric](5, 0) NOT NULL,
	[sPhone] [varchar](20) NOT NULL,
	[sMail] [varchar](250) NULL,
PRIMARY KEY CLUSTERED 
(
	[idStore] ASC
)WITH (PAD_INDEX = OFF, STATISTICS_NORECOMPUTE = OFF, IGNORE_DUP_KEY = OFF, ALLOW_ROW_LOCKS = ON, ALLOW_PAGE_LOCKS = ON) ON [PRIMARY]
) ON [PRIMARY]
GO
/****** Object:  Table [dbo].[SubDepartment]    Script Date: 08/10/2018 10:53:38 ******/
SET ANSI_NULLS ON
GO
SET QUOTED_IDENTIFIER ON
GO
CREATE TABLE [dbo].[SubDepartment](
	[idSubDepartment] [int] IDENTITY(1,1) NOT NULL,
	[sSubDepartment] [varchar](100) NOT NULL,
	[sDescription] [varchar](100) NOT NULL,
PRIMARY KEY CLUSTERED 
(
	[idSubDepartment] ASC
)WITH (PAD_INDEX = OFF, STATISTICS_NORECOMPUTE = OFF, IGNORE_DUP_KEY = OFF, ALLOW_ROW_LOCKS = ON, ALLOW_PAGE_LOCKS = ON) ON [PRIMARY]
) ON [PRIMARY]
GO
/****** Object:  Table [dbo].[SubLine]    Script Date: 08/10/2018 10:53:38 ******/
SET ANSI_NULLS ON
GO
SET QUOTED_IDENTIFIER ON
GO
CREATE TABLE [dbo].[SubLine](
	[idSubLine] [int] IDENTITY(1,1) NOT NULL,
	[sSubLine] [varchar](100) NOT NULL,
	[sDescription] [varchar](100) NOT NULL,
PRIMARY KEY CLUSTERED 
(
	[idSubLine] ASC
)WITH (PAD_INDEX = OFF, STATISTICS_NORECOMPUTE = OFF, IGNORE_DUP_KEY = OFF, ALLOW_ROW_LOCKS = ON, ALLOW_PAGE_LOCKS = ON) ON [PRIMARY]
) ON [PRIMARY]
GO
/****** Object:  Table [dbo].[Subsidiary]    Script Date: 08/10/2018 10:53:38 ******/
SET ANSI_NULLS ON
GO
SET QUOTED_IDENTIFIER ON
GO
CREATE TABLE [dbo].[Subsidiary](
	[idSubsidiary] [int] IDENTITY(1,1) NOT NULL,
	[sSubsidiary] [varchar](100) NOT NULL,
	[sRFC] [varchar](13) NOT NULL,
	[sAddress] [varchar](100) NOT NULL,
	[nPostalCode] [numeric](5, 0) NOT NULL,
	[sPhone] [varchar](20) NOT NULL,
	[sMail] [varchar](250) NULL,
	[idStore] [int] NOT NULL,
PRIMARY KEY CLUSTERED 
(
	[idSubsidiary] ASC
)WITH (PAD_INDEX = OFF, STATISTICS_NORECOMPUTE = OFF, IGNORE_DUP_KEY = OFF, ALLOW_ROW_LOCKS = ON, ALLOW_PAGE_LOCKS = ON) ON [PRIMARY]
) ON [PRIMARY]
GO
/****** Object:  Table [dbo].[SuitTax]    Script Date: 08/10/2018 10:53:38 ******/
SET ANSI_NULLS ON
GO
SET QUOTED_IDENTIFIER ON
GO
CREATE TABLE [dbo].[SuitTax](
	[idSuitTax] [int] IDENTITY(1,1) NOT NULL,
	[sSuitTaxname] [varchar](100) NOT NULL,
	[idTaxmix] [int] NOT NULL,
PRIMARY KEY CLUSTERED 
(
	[idSuitTax] ASC
)WITH (PAD_INDEX = OFF, STATISTICS_NORECOMPUTE = OFF, IGNORE_DUP_KEY = OFF, ALLOW_ROW_LOCKS = ON, ALLOW_PAGE_LOCKS = ON) ON [PRIMARY]
) ON [PRIMARY]
GO
/****** Object:  Table [dbo].[Tax]    Script Date: 08/10/2018 10:53:38 ******/
SET ANSI_NULLS ON
GO
SET QUOTED_IDENTIFIER ON
GO
CREATE TABLE [dbo].[Tax](
	[idTax] [int] IDENTITY(1,1) NOT NULL,
	[nValor] [numeric](3, 2) NOT NULL,
	[idTaxtype] [int] NOT NULL,
	[idFactorytype] [int] NOT NULL,
PRIMARY KEY CLUSTERED 
(
	[idTax] ASC
)WITH (PAD_INDEX = OFF, STATISTICS_NORECOMPUTE = OFF, IGNORE_DUP_KEY = OFF, ALLOW_ROW_LOCKS = ON, ALLOW_PAGE_LOCKS = ON) ON [PRIMARY]
) ON [PRIMARY]
GO
/****** Object:  Table [dbo].[Taxmix]    Script Date: 08/10/2018 10:53:38 ******/
SET ANSI_NULLS ON
GO
SET QUOTED_IDENTIFIER ON
GO
CREATE TABLE [dbo].[Taxmix](
	[idTaxmix] [int] IDENTITY(1,1) NOT NULL,
	[idTax] [int] NOT NULL,
PRIMARY KEY CLUSTERED 
(
	[idTaxmix] ASC
)WITH (PAD_INDEX = OFF, STATISTICS_NORECOMPUTE = OFF, IGNORE_DUP_KEY = OFF, ALLOW_ROW_LOCKS = ON, ALLOW_PAGE_LOCKS = ON) ON [PRIMARY]
) ON [PRIMARY]
GO
/****** Object:  Table [dbo].[Taxtype]    Script Date: 08/10/2018 10:53:38 ******/
SET ANSI_NULLS ON
GO
SET QUOTED_IDENTIFIER ON
GO
CREATE TABLE [dbo].[Taxtype](
	[idTaxtype] [int] IDENTITY(1,1) NOT NULL,
	[sTaxname] [varchar](100) NOT NULL,
PRIMARY KEY CLUSTERED 
(
	[idTaxtype] ASC
)WITH (PAD_INDEX = OFF, STATISTICS_NORECOMPUTE = OFF, IGNORE_DUP_KEY = OFF, ALLOW_ROW_LOCKS = ON, ALLOW_PAGE_LOCKS = ON) ON [PRIMARY]
) ON [PRIMARY]
GO
/****** Object:  Table [dbo].[Users]    Script Date: 08/10/2018 10:53:38 ******/
SET ANSI_NULLS ON
GO
SET QUOTED_IDENTIFIER ON
GO
CREATE TABLE [dbo].[Users](
	[idEmployee] [int] IDENTITY(1,1) NOT NULL,
	[sUsername] [varchar](100) NOT NULL,
	[sPassword] [varchar](15) NOT NULL,
PRIMARY KEY CLUSTERED 
(
	[idEmployee] ASC
)WITH (PAD_INDEX = OFF, STATISTICS_NORECOMPUTE = OFF, IGNORE_DUP_KEY = OFF, ALLOW_ROW_LOCKS = ON, ALLOW_PAGE_LOCKS = ON) ON [PRIMARY]
) ON [PRIMARY]
GO
SET IDENTITY_INSERT [dbo].[Department] ON 
GO
INSERT [dbo].[Department] ([idDepartment], [sDepartment], [sDescription]) VALUES (1, N'General', N'General')
GO
INSERT [dbo].[Department] ([idDepartment], [sDepartment], [sDescription]) VALUES (2, N'Ropa', N'Ropa')
GO
SET IDENTITY_INSERT [dbo].[Department] OFF
GO
SET IDENTITY_INSERT [dbo].[Line] ON 
GO
INSERT [dbo].[Line] ([idLine], [sLine], [sDescription]) VALUES (1, N'General', N'General')
GO
SET IDENTITY_INSERT [dbo].[Line] OFF
GO
SET IDENTITY_INSERT [dbo].[Product] ON 
GO
INSERT [dbo].[Product] ([idProduct], [Eliminado], [sProduct], [nUPC], [dCost], [nUPCSubsidiary], [imageprod], [idStore], [idDepartment], [idSubDepartment], [idLine], [idSubLine]) VALUES (1, 1, N'Blusa', CAST(123 AS Numeric(13, 0)), CAST(250.00 AS Decimal(9, 2)), CAST(345 AS Numeric(13, 0)), NULL, 1, 2, 2, 1, 1)
GO
INSERT [dbo].[Product] ([idProduct], [Eliminado], [sProduct], [nUPC], [dCost], [nUPCSubsidiary], [imageprod], [idStore], [idDepartment], [idSubDepartment], [idLine], [idSubLine]) VALUES (2, 1, N'Pantalon', CAST(234 AS Numeric(13, 0)), CAST(300.00 AS Decimal(9, 2)), CAST(0 AS Numeric(13, 0)), NULL, 1, 2, 1, 1, 1)
GO
INSERT [dbo].[Product] ([idProduct], [Eliminado], [sProduct], [nUPC], [dCost], [nUPCSubsidiary], [imageprod], [idStore], [idDepartment], [idSubDepartment], [idLine], [idSubLine]) VALUES (3, 0, N'Lapicero', CAST(657 AS Numeric(13, 0)), CAST(20.00 AS Decimal(9, 2)), CAST(0 AS Numeric(13, 0)), NULL, 1, 1, 1, 1, 1)
GO
INSERT [dbo].[Product] ([idProduct], [Eliminado], [sProduct], [nUPC], [dCost], [nUPCSubsidiary], [imageprod], [idStore], [idDepartment], [idSubDepartment], [idLine], [idSubLine]) VALUES (4, 1, N'Lapicero', CAST(564 AS Numeric(13, 0)), CAST(20.00 AS Decimal(9, 2)), CAST(0 AS Numeric(13, 0)), 0x89504E470D0A1A0A0000000D49484452000000F900000097080200000058D36AED0000000467414D410000B18F0BFC6105000000097048597300000EC300000EC301C76FA8640000166D49444154785EED9DBF4B2CDD9686CF3F209875D681606A66622C7462220C62D2B1989D7FE06426171A0499499D506E5F98C0C44C18E8C8E05E683030353418191A19E183EB3CBDDF3AEBDB77F50FDBAEB27FD57A59D4B76BF7AE5DFBF03D7BD5BBABAADB1FFF0CD54C1F7555B05E3B15FFE7EBA760BD762AFECFD74F3F8AFF86429BAE603D541705EBA1BA680CEB85AD2B67EC8A2E32151F8CEBBFD89FED8C45D3A92A9A8E53D162B63652513BAF8A5E32151F4C55D1749C8A165F547170E97FCEFA2A581FA3A2C56F15B5F3AAE82553F1C154154DC7A968F145150797FEE7ACAF82F5312A5AFC56513BAF8A5E32151F4C55D1749C8A165F5499633743E1D7437551B01EAA8B82F5505D14AC87EAA2603D541705EBA1BA28580FD545C17AA82E0AD6437551B01EAA8B82F5D032A5371750B1FF9D0AD643556A766A85F81F7FFCA1826AB4A512A5567F4A9F9651B01EAA4C4366A712A90692ED52787979E9F57AFD7E9F02BB625D1F99DCEE1C0AD6435F568EDD90D67F55F1C138152D9294B9DFDEDE3A9DCEC1C1C1AF5FBF7EFEFC797878C856C417ED4A236E0AD643B30AEC947191216895432A93543F56458BDF6DC8E57B7B7BE7E7E77FFBFBFFE601FACFCFCF34B06ED5BEA482F5D0E782B9F7F7F74FB15303A9A84AD26E5E0FE5C7C7C73F7EFCB8BDBD75A02BC09DEC4E7B4EAD43CA2B580F4D94E894D805772C3596E3ECECECF4F4F4E4E4A4D56A5160F7E2E2E2FEFEFEF5F55507A2E2B0DF2A6A3F3EE88103415906DD219E079DE3708AC3AA50B01E1A23D16998CA55E33720FBBFEE3EC6C6EEEEEEF6F636DC3F3C3CA43E86520F8832791ABB322597BBB8BABABABBBB5327A9B3B20AD6435EA253E60140C9D970ECC89E142C31A1797F7FFFFAFA9A4C3F180CD427BBD4B3EE045FC7F49420FD736CB01EAA5E8638827272F9EC942BA0FC1FFF3E20DAED3670233A393A3A62C2388E6789C3C3432D4F35A4920AD6EBAE610ECF440DB69BF4BCB5B5E5389E1E70A9CC2DD615647111EF209E3118866EC854A260BDA612D6C8254EDC36683A8EA78768662989A16F369B8D4603E39E13AF068EE3598299F3F4F4548CACB482F55A0BD025CA50A53B240EE52901D960FD9F7FFD180D8837D6CDCF38943F0D9C4FBFDFD750CB2B58AFA99261198A32A605AA48CC0EE529717C7C0CC18E6F17E7E7E7863BE863FD91A3797A30F198871A647905EB759428573ABFBFBFDFD9D971284F097C05081AD0586AD6A3AC3E295C5F5F77BBDDABABABB3B3335502B7E14E90DA479F924E09FAB1D1A6819752B05E3B091D04EB02D7D13C2558B01AE5804876FFB7BF3C4F0F4CBCB1CE21333A192609866A3018CCF2BC764605EBB590E16285E7E7E7D3D35372B0A3795290A749C9A29C1902C18EE949D1E9748C75E253D6993F4C3F2D49355A34FC379456B05E0B0917E3E6E6E606761DCD9302F820DBD239203A9A3F0D0E31D69960F4E6F8261E1E1E9842AC19F054F2E8B9D23FA2AC82F55A085C300314D8421BDEDA013D2948C34639BE82031DC73386B14E8CA6F65EAFC77C8072619DF02EF8CECB2515AC6FB8C89112658CC1ECE91C22595C8A72169D645C87EF9702F33D967586C4758329A4B70944B694865FA582F50D1794C30D5B789DF2E6561EE46FB2ACA57388E758C7EE1C61ACD3B940C7B44079FEB4E83B103705EB9BAC941FFFF9F6F6D66EB72F2E2E1CD3A3418A25E9A2C3C343288745A6874376EE6000625D8F96D88AF274D5195E7634DA34F06F51B0BE99326EE089B5A0637A34CECECEE01BC1B7D23938369B4DC76B99E0FA20D6995170AF4142B90D55DBEF53B0BE8112401458ED61181CD62EC00ED0D90A710A29B3174BD246A3E1909D3B8C75FAECF7FB299BFF09FA0214AC6F940C1D967A22D891ED0223A19B7D575757A29C5C6ED0AB30FBADF4E961AC5310E848C35E8C82F54D901047A287ACC9FAD261ED827C0FD96C4119E2E5D405771E34D0C34E07EE1CC12904BA7DDB08A5E12F48C1FA26C82847979797D86E47761E7A5CAA2F0A91BC6F6E6E3015307D7B7BEB4027B6B6B668E3A89D2F4E4E4E3835D71086BA78D051B0BE091237A4F3F3F37347761E9D4EE7D7AF5F9878D915039ABC4E3DB21AAB74BC96092E20CCABF7F7F7603DF4350917A57300824BEC8183DB82644F86866F9AB1C5E10868CAFBFBFB39E5947537C6915A32E8500F6E35ECF42F58B482F5F5937041E6CEA73F0DC59FE058B01046335BE0037404D9AAA7C06581ADC3B46430C770FC1AAD868DF40F59B082F5F593B1F2FCFC3C299D83B2B696B3F59D239C3A6551CEAE3E22A8AF9C725C10069DA9C880015D3373890AD6D74639312F2F2F700C4C39DF7980320D0C65821AAC0BF08138D701ABC7BB335B7ABD9E23B54C707D10E51A761AFE9F856529585F7581886494B3C4045C07771EAC3E9906463301E5C7C7C730DD6C36F38F74FBC5915A32588332001BBC86BD0A0AD6575D025D856EB74B4A9EFE050B3E6D341A665D208FADCCCCF6F6B63D2AD293268769C9602E7116FDD21D8833606DD3BF63F90AD6575DC20580A013921CD9794030A61CD6F5F3437AB15164B340047A11CFA7141CA6258369C3E5C2DE58CC110FD643330950C40AA0C3AE610DD0B95987634BD8D4833226C76EB0F0291E460F8FF8D4615A32A09C4B8D7EC351889BD2BF608514ACAFBA80E6FDFD1D948D6C05ECE249EEEEEE30E200CD96844D41A0D31E01227E06D6C1116B4E63476AC9A04F8691234EB918F7EA29585F7541CF60307C37D0B10EDC64773C096483380D94C52D9D538F767676D8D2CC615A32CE93582833C21547DC14ACAFBAC43AB9198845B9BCB880963331A9526F6B61D6B1E910E9302D1974C8CC797C7C646C50AE41AE8582F535100B53AD322118DB00F7D0465257CEB6448E69A1929A56AB8593614A384CCB07A79635572EC75C0D8D4B9286BACA0AD6574B0538C9A30313052AB10AC25A4C0B7A92B7ED1227272754B206651A28F13B4C4B068E5F6F6E699C1A9B86B72E0AD6574B0208C90193D1210C6BDEED76597AB2D604657B73CB821A048EED769B660ED3928169E12A216B6E2A4619AC87E6564E0FB9197CC9D6A006D040CC2E5B70C7B76066C8DFB6F414910ED392C1CCA167513E3691BBDD1557B0BE640920044C1295FD7E5FB7F372F21A8D06D93D4FE780A8BBE924FEBC65F9E002429FB2E61AA40A6BAD607DC9CA416797244A866625EAE05300B76EA2134C06B2BB6B5049E887E66C781AD80628585FB2C43A85C160A06CEAC873817DC7B4A0CA6FB35C5D5D31C7B874086EDB228D70DD15AC2F41A09333C4F6EEEE6E6F6FAFF29B27B3079708CECE90188F0626A5F16E8882F525A8E028918427264393532B7F803F637025B1052843DA54D051B0BE343D3D3DB1ACC49DFFFDF9FF140BC61DCB747676664F4087179A240D6FF314AC2F4E60A464491285EC76BB6D945B2C06771239D6DC5EC14D497C28ED6EAA82F545A84029E54E6CB17EDFD9516EF1DDB863CD7BBD1EA34A497C631DCBA882F5C5096BAE25A061E728B7F826DCB1E69D4E47CFF9053AAA03E552B0FE5D022951054CB08B636101EAE07388E75139EEF816FB1BD0F5E13B57B05EBD86862089322B3F28BFBCBC74E45938C4F3A80A772E26F64BE71A553D15AC572FF1C402F4E2E2E2E4E4C491371A0EF13C4AE2AE971385380AD643A5641819495817ECCA971EE03BC42DE666FDECECECE7CF9FFA4ABF06A9429D15AC57204892350777F2E8C1C181FE7CB3E36F4A38C4F39803777B36A4B149DAADB382F5F955409430FA5BFAC385C7C7C75873FDE12B02DC6727DE216EF125D68F8E8EECD7B6F24B8DB63557B03E8F8680FF86895D922886C110775112F75958E7328265D2F78634368D33942B589F53A27C30188072FBF78FAE38CA2D66C4DD516E311D77DDCD943587750616AC8F55B03EAB04504A9A45E1FAFA7A7401EA28B72883FB24D6F564EAEDED8DF1A46BCC70FA313015424EC1FAE732B8C99A88F2D3D3D3E9E9E9D86F763AC4F398057747B962947572B92D4083EC1915ACCF24E18EB00A9F7EA3C2219EC7A7B83BCA2D0C771007747B020AE836B6D07405EBE3054052B1FFF18155C0304CFA769C0B87B84599D47E96245FCEC044B90A1A6168BA82752F018460483C41B9EE9A3B28A787A3DC628ED4CE1C2397EB6622268A2169A8A12F2958F772244158ABD5C2B73822670947B9E2ABACE397F41D504D3FB66E84A11915ACFFB9B633860683C143D2CF24C7E2ECE128B7988EBB517E7E7EEE6EB330426D35CED0975477D60D207903045E7B7B7B4747478787873FD2EF103916BF148E72C5A7A91D5FCE95C4ACB9861A2AA9C8EB455E07A9A7A7A75FE9279E611DD46E6F6FA9C1C328BF3A1C670C47B9620AEBB2E6F9774083F5AA5453D601480C69FBFC3C4CA54076777707DCBD5E8FBC0EF48D46837ACCCCFDFDFD2C6FE78E0D073A3189754ECA22D886671A8E38545AF565DD4CCBE5E5254605DCCD28033D795DE54EFAA3732C10C1FD4BAFE95A38D0150E772D4065CD352A8D3354A16AED61B028A4527C0B6C19E8C4F6F676BE0BFA507E7A7A0AA0F8999CD119C3814E18EB5C37EC3BA00C43A6056984A10A5517D6450F2421D5803816856CAD970441598F24B131C067A0B75A2DF826F7B3854BFCF41CDEDD814EC03AA7A3C3D117CD2555862A542D58071D518ED8C591E319E00C734C01768D6CCC0C952A0BFDFFF8EFFF51F0112DA9E41087F2A7E140A71F7AD30F5704D90B535D5897068301E9F9E0E0003BAEDF4F34CAF9887A5C3B999E5D8036CA2D589E72083DE07C1CCD9F8628E71A42CF2C76194C31F9E24ECBA2B4E1AC8B24B694710BD04C42C5AE90B08D72E235FD4122DC0B28EFEFEF83BBA3DC82061C3B876B0774A68A6EB3E403534195A16FD526B39EC3747B7B8BF3261F93CE73CA0972397E5DD91A941DDC2E68C3358166CC1947F3946022B106D0B3218D076990A185693359CF61C29D938971E7246C4739410AD7C3A34F295790989915803E23EB9C3A7F028A82F565691358173A26C1443DA6856C0A6D24635CB2A35C01E85757570EE8E9415768CACF1B29980CCC0ABD68AE8139A5B18716A7CDC9EBD033F42B49EC62BE2112DA464D8B02EF4EB2771CCF12CD66933E31450E6E0B1239A688EB898D2AC85E056D545E17E57AAD05DA609DE4EA102748E4C0EA08CE0363A3FBDFBA2658E2A7A06EB91AC03ABB8E72DDC4E470869126DDF09532B68C2D8D34B44CAD31EBE29B82A8A230180C00948520C0B175881398723035A64783B9A11B8BBA45A8A0376AB80E70ADA0138026B5F77A3D0C92514E03A601134023D1D8720D471C5AAAD69875A81246C28B6CAADB1D63D7A004B97C523A875180669EE4882B30245B5B5BA06CFD50664AC03AD00B744D86789B65C5B5091E06D3A2DB1D2008AF06A5059F92CE99060E71025E49D8DD6ED721AE2055732C0D9848D69BDE96E110449F5C071880A69CA65F31ACD08A696D584FE972889115D0F3F3F07607C021A0341CF380F2B16B500EE41007B7059F361A8D8787077502D6D4D00F27DAD9D9A1A6D56A5103E51A8946A52B4C6835B566795D4851787D7D05BBF3F3733C34C8E61E43019D508EF0278E720E84D47EBFEFF856B0E2E428B2B5EB50F1F8F8C8E19C8E1E6C482A84565C6BC3BAD983F7F777D96B7C05CC8DA6739C3420C22B7EC6518E63212B7394E35B417D9A1DC3E9E1FAB4C0CF609668A3775A02F435D28AB22E8C24A39C02599C052850821A948F4249A6074458779413603A76F5A96001CA8163EDBE856E9CE364645D34BC34DED01A68E55877F4087444B6D6ED0EDC8B6C06A26020E29E5935EEEEEE8E9A16824F31F78E6F0BBA62E640B0F5E682F31EA52FC869781A9246185A17AD16EB62C8A44ABDD002AC2F2F2FF02A7F62D204C099349B4D92BA439C8FF6F7F799270E6E05999E1ED83AB2094E47CFB8761A7046FAB11F4FD4F4D3D8426BA4D5625D2421C1A4DB2C9671012EE1FD83FC8DE568341A145403978E7202CA39C4F1AD10C47BE9517F8EB80297C281CC1C28C735311E0D2F4DC0A1B41B5A2FAD22EB1448A258676C032959FC29070337F91BD0A753CEF49844B90CFDA4E74D98220EE4F04EA7C3F5C4BE061A7C6F805682750713B9164FD2ED760D41618DA09FD5A1D691082E1DE55C07C8CA8E6F0B0E91A1B79E2DF0E2F7F7F7A25C2F272246C5DCCBC7165A5F2D99F50479F1C4915D209335A7200449DBD009DC7ABB105895D169E6282798060EEE3C34370C6E052E855C8E51C1D5684960A3422A0F071A5A7FAD04EB14F45BB8E0C8D6406417013764E33A94CE415FD093F88D72BBD5E8F826B814F0D1C5EFDF7BC983144E8E077170B7AF5328914B698CA10DD13259379E70C6000DAF4621E95C94B300056EB6ECC23A334170EBB623BBF04A01D18639304A390DAC5B05338703E901B74346CF4DB9944617DA342D81F502A8DF6F8F401B44B21588CAEE087011A06B97EC6B595C8163A11E6FC3B2552D2940B640D721C6B7829ACBCB4B4EC15CE28C8C41E3512E4FA30B6DAC16CD7A0E165BC863196A0F7194CE95A1878027E1A41DE50495647D323D8D411CC13A3E07F4E5798C6F051E460F5CC9E5F8160D86916830922A439BAA85B20E4FC28B32FE18D392A75EA00771F015C4508E09814B4739D4D2804F6D4B8207F1E1B4480FF9DDE34FF8E62CD0CF816474399640BC865A1CEBA21C81D74BFAA916C8138E5A592290254F033A497A947216A37C0ADCCC0A1A3031D8A5AC8931EA5808D23FE95CBE3CFFD17E0A017ADDB420D6059604E864627B4864A61C883121E08BE776941372E7B434CA87932389846DF72815A47612392D398A35A8FBD31448A30AD54A8B601DB604195BA024A3F7FB7D41A9940C9410896321373BC415B46126C03779DA6E3EB2E582605D59606394FB9903F9FDF200BDE6FA76D60519A20C97806E3978989393C306719571358E72827ABC0D929B6797B961FEC745EAA6C8F43ABB290D27545F7D2FEB056589337974B68212C4F12AEC3201A0134B4D0D05B3E9F86C76819B242DC411C44FA25C26874C8F81E1749A6076F650E81B590732030EFE702006BA05191DCA9583111CC32BA0D318BE213B113E14288F3EE157D0030DF0360F0F0F74A233DAA9D57328F45DACE7B491B9F1E26EF9485227071B9D8802348B6C40875D95C9F78F8F8FF9B116323F747E7F7FAF1E381D1A8E2014FA577D0BEBD00679620ED0F1D9AFAFAF39A3BA91A2673AFA652C0A986CC16D02E5D14B814286872901E5C353667E09A92614CA553DEBA036CCD2095F101FCDE8102C40DBED76B7DBA540637C08F433074479ABD5B29B922EF4260CE2CAC08182DB264C28344915B32EF28420A0832C583B58411CACB12B34C085D3122703BB3B3B3B6C777777F337D7F3E03AC081B439493F3FA4D305E2A119553DEB027D301890D14773332E1CCAF914CAF127A473BC388684FA4988131CA2942FCA03F1D01CAA9875814E8175A7BDBA6841CE866F3ED59A126F737C7C4C3A9F748345C19C51D6A7C3749248E7A179543DEB6C6197B4ED6E9EDCDCDC9CA63F11CA479495CBC9EB93569F046E07CAD1E5E5A53DE74FE70985BEAC2A5957468763F2B78C35641BB830CD2E9EDBDD93190D4D150E6F369B17171766CDA574AA50E8CBAA8C752894810153586749CAC2145E81DBA13C2938E420FD5800A28063B16F0CA9676D75BA50E8ABAA3EAFEB29A6F0654189DB369A2705AB52214E7B72BF123912DC926A42A1B955655E179102D738A60CBBB63B1A18770C0FDB878787513BAE6E51B11F0ACDAB6A582F784C8257D6A05BE97BD0A04CAA76AFDD624E20FB38FD3123DA301306838175C2E188826A52F7A15005AAD2C3203065CB3294548DE7EE743A6C596B5268B7DBB234B814E8CF3936C48BFD50E81B5431EBA29602B86366C8DFD877B6AC50F50C48CD6843D9A4CA50E85B553DEB683443ABD234B64D28F4ADAA98F55125F8872AF643A12529580FD545DFCE7A28B4220AD6437551B01EAA8B82F5505D14AC87EAA2603D541705EBA1BA28580FD545C17AA82E0AD643F5D0C7C7FF03502AEDDB5FCF905C0000000049454E44AE426082, 1, 1, 1, 1, 1)
GO
SET IDENTITY_INSERT [dbo].[Product] OFF
GO
SET IDENTITY_INSERT [dbo].[Store] ON 
GO
INSERT [dbo].[Store] ([idStore], [sStore], [sRFC], [sAddress], [nPostalCode], [sPhone], [sMail]) VALUES (1, N'Matriz', N'JKHD78', N'Los Heroes', CAST(72498 AS Numeric(5, 0)), N'(222)1798543', N'Hugo9412.feb@gmail.com')
GO
SET IDENTITY_INSERT [dbo].[Store] OFF
GO
SET IDENTITY_INSERT [dbo].[SubDepartment] ON 
GO
INSERT [dbo].[SubDepartment] ([idSubDepartment], [sSubDepartment], [sDescription]) VALUES (1, N'General', N'General')
GO
INSERT [dbo].[SubDepartment] ([idSubDepartment], [sSubDepartment], [sDescription]) VALUES (2, N'Damas', N'Damas')
GO
SET IDENTITY_INSERT [dbo].[SubDepartment] OFF
GO
SET IDENTITY_INSERT [dbo].[SubLine] ON 
GO
INSERT [dbo].[SubLine] ([idSubLine], [sSubLine], [sDescription]) VALUES (1, N'General', N'General')
GO
SET IDENTITY_INSERT [dbo].[SubLine] OFF
GO
ALTER TABLE [dbo].[Cashsales]  WITH CHECK ADD FOREIGN KEY([idCashregister])
REFERENCES [dbo].[Cashregister] ([idCashregister])
GO
ALTER TABLE [dbo].[Cashsales]  WITH CHECK ADD FOREIGN KEY([idEmployee])
REFERENCES [dbo].[Users] ([idEmployee])
GO
ALTER TABLE [dbo].[Product]  WITH CHECK ADD FOREIGN KEY([idDepartment])
REFERENCES [dbo].[Department] ([idDepartment])
GO
ALTER TABLE [dbo].[Product]  WITH CHECK ADD FOREIGN KEY([idLine])
REFERENCES [dbo].[Line] ([idLine])
GO
ALTER TABLE [dbo].[Product]  WITH CHECK ADD FOREIGN KEY([idStore])
REFERENCES [dbo].[Store] ([idStore])
GO
ALTER TABLE [dbo].[Product]  WITH CHECK ADD FOREIGN KEY([idSubDepartment])
REFERENCES [dbo].[SubDepartment] ([idSubDepartment])
GO
ALTER TABLE [dbo].[Product]  WITH CHECK ADD FOREIGN KEY([idSubLine])
REFERENCES [dbo].[SubLine] ([idSubLine])
GO
ALTER TABLE [dbo].[Profile_Role]  WITH CHECK ADD FOREIGN KEY([idProfile])
REFERENCES [dbo].[Profiles] ([idProfile])
GO
ALTER TABLE [dbo].[Profile_Role]  WITH CHECK ADD FOREIGN KEY([idRole])
REFERENCES [dbo].[Roles] ([idRole])
GO
ALTER TABLE [dbo].[SalePriceSubsidiary]  WITH CHECK ADD FOREIGN KEY([idProduct])
REFERENCES [dbo].[Product] ([idProduct])
GO
ALTER TABLE [dbo].[SalePriceSubsidiary]  WITH CHECK ADD FOREIGN KEY([idSubsidiary])
REFERENCES [dbo].[Subsidiary] ([idSubsidiary])
GO
ALTER TABLE [dbo].[SalePriceSubsidiary]  WITH CHECK ADD FOREIGN KEY([idSuitTax])
REFERENCES [dbo].[SuitTax] ([idSuitTax])
GO
ALTER TABLE [dbo].[Subsidiary]  WITH CHECK ADD FOREIGN KEY([idStore])
REFERENCES [dbo].[Store] ([idStore])
GO
ALTER TABLE [dbo].[SuitTax]  WITH CHECK ADD FOREIGN KEY([idTaxmix])
REFERENCES [dbo].[Taxmix] ([idTaxmix])
GO
ALTER TABLE [dbo].[Tax]  WITH CHECK ADD FOREIGN KEY([idFactorytype])
REFERENCES [dbo].[Factorytype] ([idFactorytype])
GO
ALTER TABLE [dbo].[Tax]  WITH CHECK ADD FOREIGN KEY([idTaxtype])
REFERENCES [dbo].[Taxtype] ([idTaxtype])
GO
ALTER TABLE [dbo].[Taxmix]  WITH CHECK ADD FOREIGN KEY([idTax])
REFERENCES [dbo].[Tax] ([idTax])
GO
ALTER TABLE [dbo].[Users]  WITH CHECK ADD FOREIGN KEY([idEmployee])
REFERENCES [dbo].[Employees] ([idEmployee])
GO
USE [master]
GO
ALTER DATABASE [BackOffice] SET  READ_WRITE 
GO
